Ano,Função,Projeto de Lei,Dotação Inicial,Dotação Atual,Empenhado,Liquidado,Pago
2000,01 - Legislativa,1723951946,1761249187,1820859684,1757003918,1757003918,1653838777
2000,02 - Judiciária,5516662130,5464798527,6537555350,6478450642,6478450642,6272446993
2000,03 - Essencial à Justiça,539370806,540135405,696746521,679352430,679352430,661558361
2000,04 - Administração,6049280656,5969024183,7196178329,6587346099,6587307707,4986841601
2000,05 - Defesa Nacional,9148686512,9166773309,10873339677,10634132067,10634132067,9548515495
2000,06 - Segurança Pública,1364188328,1555312157,2431554178,2188593405,2188593405,1982256659
2000,07 - Relações Exteriores,595704287,607328373,730460623,748364647,748364647,740008418
2000,08 - Assistência Social,3900846609,4173290274,4581692493,4441667223,4441599575,4288533823
2000,09 - Previdência Social,86574682706,86508769470,93896145508,93407569119,93407569119,92420388144
2000,10 - Saúde,17354357914,18077915475,20997815438,20270121061,20270121061,18480645284
2000,11 - Trabalho,6249209125,6459242920,6765724461,6246394314,6246394314,6088871944
2000,12 - Educação,9619039718,9878708572,11443850164,10616364162,10616364162,8975145306
2000,13 - Cultura,203973393,256559100,292601588,238219657,238219657,193113003
2000,14 - Direitos da Cidadania,362851330,419887993,499951218,406613243,406613243,347264111
2000,15 - Urbanismo,78741993,348394119,310731119,190421139,190421139,37529537
2000,16 - Habitação,1463875000,1809437606,1768346667,1606894222,1606894222,16163474
2000,17 - Saneamento,114004951,318562451,316361390,161087818,161087818,18485443
2000,18 - Gestão Ambiental,853062562,1638202529,1740050097,1138987491,1138987491,815676584
2000,19 - Ciência e Tecnologia,1239804645,1260903945,1486642558,1244858671,1244858671,1141019994
2000,20 - Agricultura,5707288607,6141509583,6537189023,5086209150,5082288165,4282816536
2000,21 - Organização Agrária,1295868000,1328325821,1341981061,1093366952,1093366952,807047172
2000,22 - Indústria,330430699,345322593,423913943,322578124,322578124,263092234
2000,23 - Comércio e Serviços,1926746137,2037331846,2024924846,1863604826,1863604826,1695284220
2000,24 - Comunicações,506093728,497924417,545264828,403502901,403502901,308374176
2000,25 - Energia,730317034,719604455,750178021,524051722,524051722,442644851
2000,26 - Transporte,2885671530,5154810432,5353032337,3289132525,3289132525,2036355149
2000,27 - Desporto e Lazer,49314917,186928111,228113611,173816799,173816799,69104625
2000,28 - Encargos Especiais,836445892513,838990563886,843424697068,434587838226,434587838226,430521468889
2000,99 - Reserva de Contingência,1703863244,1190455718,2282797,0,0,0
2001,01 - Legislativa,2103609282,2139524137,2211659569,2109472834,2109472834,1944344027
2001,02 - Judiciária,6325202554,6362190727,6819131398,6715564221,6715564221,6455451202
2001,03 - Essencial à Justiça,789297302,802944200,876335594,859504600,859504600,825599192
2001,04 - Administração,7762630075,8008009774,8166019613,7265908231,7265908231,5466618904
2001,05 - Defesa Nacional,9886865670,10058349340,11866974774,11891512769,11891512769,10336773648
2001,06 - Segurança Pública,2435033198,2514297771,2789770094,2604286208,2604286208,2197526975
2001,07 - Relações Exteriores,715629707,673101331,918767737,925811930,925811930,916736223
2001,08 - Assistência Social,4714370471,5195719844,5485405263,5298265332,5298265332,5025919211
2001,09 - Previdência Social,99570625337,102015792865,108015233867,107544257918,107544257918,106882675343
2001,10 - Saúde,22397836778,23640100945,24585703621,23633858199,23633858199,20686186734
2001,11 - Trabalho,6811821854,7468723775,7617834103,7441121082,7441121082,7194544042
2001,12 - Educação,12482738743,13222810952,13786465923,11637340857,11637340857,10457803100
2001,13 - Cultura,216025327,302981098,324562763,278093428,278093428,200785574
2001,14 - Direitos da Cidadania,511487870,613645687,691197717,584421152,584421152,496522183
2001,15 - Urbanismo,109005394,724746525,721316525,491378432,491378432,90023732
2001,16 - Habitação,1085020905,1369183579,1368111305,357133784,357133784,58276427
2001,17 - Saneamento,194495701,436192016,437852016,233417737,233417737,57061001
2001,18 - Gestão Ambiental,1547456841,2423804222,2470993095,1899300516,1899300516,1039511158
2001,19 - Ciência e Tecnologia,2042787914,2067076587,2042151147,1591800136,1591800136,1425570468
2001,20 - Agricultura,7198649032,7791237022,8634943238,5481687637,5481565846,4612889506
2001,21 - Organização Agrária,1484903360,1543088385,1561856481,1329932290,1329932290,1037430151
2001,22 - Indústria,413189856,454490242,566928692,476756266,476756266,334004582
2001,23 - Comércio e Serviços,2530816298,2741538875,2976768844,2782146980,2782146980,2261072877
2001,24 - Comunicações,1757395663,1755497721,1985873661,456143416,456143416,395439725
2001,25 - Energia,1124916795,1131936795,1186319771,726380591,726380591,611283036
2001,26 - Transporte,3666723391,5062970126,5280337876,3961787698,3961787698,2339205711
2001,27 - Desporto e Lazer,120309508,361588695,378903805,297834363,297834363,83499116
2001,28 - Encargos Especiais,732014268853,734320015900,750195360573,394559867399,394559867399,386233489650
2001,99 - Reserva de Contingência,6121459057,5000801256,3605999520,0,0,0
2002,01 - Legislativa,2453241904,2489833631,2574516307,2474354441,2474354441,2368870092
2002,02 - Judiciária,7278681210,7333357090,8380215959,8186935072,8186935072,7813222114
2002,03 - Essencial à Justiça,962267764,969745110,1062349595,1043701170,1043701170,1012062394
2002,04 - Administração,10082584153,10083506902,9208116323,8228743315,8228736910,6763206924
2002,05 - Defesa Nacional,11840299088,11953330902,13376131432,12616520363,12616520363,11564559656
2002,06 - Segurança Pública,1728780745,1835848532,2516590389,2202448059,2202448059,1786401152
2002,07 - Relações Exteriores,861803419,881111351,1165878149,1328092746,1328092746,1318786635
2002,08 - Assistência Social,6066454083,6419535783,6611338099,6513151120,6513151120,6124141387
2002,09 - Previdência Social,114123135900,114726906776,123877647449,123218090688,123218090688,122485603274
2002,10 - Saúde,24914916796,25885809979,26969885296,25434639564,25434639564,23148915645
2002,11 - Trabalho,7634369251,7856888635,8799096542,8477770625,8477770625,8334340280
2002,12 - Educação,13689178280,14242405815,14656464829,13222748096,13222748096,12344522461
2002,13 - Cultura,249780274,359240394,377702254,239527228,239527228,209774909
2002,14 - Direitos da Cidadania,413296869,506623494,630081502,411265028,411265028,342255086
2002,15 - Urbanismo,63450348,794940015,797140575,486549713,486549713,91873681
2002,16 - Habitação,58024229,224894727,226098727,127168630,127168630,8567461
2002,17 - Saneamento,87271031,248983745,248983745,97142780,97142780,6206067
2002,18 - Gestão Ambiental,1308627623,2790416084,2831396363,1265253952,1264880952,923961391
2002,19 - Ciência e Tecnologia,1943393124,2017764884,2198176605,1506710314,1506710314,1382740715
2002,20 - Agricultura,8486237618,8809593583,8615612397,5501741786,5500405861,4894330546
2002,21 - Organização Agrária,1537014162,1566234362,1580405457,1380607307,1380607307,1208852353
2002,22 - Indústria,440573096,474551926,606849846,436625066,417508350,364481514
2002,23 - Comércio e Serviços,2514165811,2681798643,2785974282,1830527023,1830527023,1615748278
2002,24 - Comunicações,1810451090,1805822298,1836972613,566380348,566380348,517775633
2002,25 - Energia,1277576197,1282576197,8323374415,7819223729,7819223729,6617606146
2002,26 - Transporte,4129060831,5767684408,7645244150,5142470616,5142470616,3314651538
2002,27 - Desporto e Lazer,141734122,378035071,364662191,264676714,264676714,81013662
2002,28 - Encargos Especiais,403374261577,409129240745,446107397704,434925915800,434925856444,430046554248
2002,99 - Reserva de Contingência,8503697365,6892926878,4555004685,0,0,0
2003,01 - Legislativa,2809914938,2929314938,3175098034,3075018192,3075018192,2983898751
2003,02 - Judiciária,8442269588,8622744588,8615254066,8359812944,8359812944,7899429251
2003,03 - Essencial à Justiça,1363613826,1387733826,1402779296,1356059670,1356059636,1327030328
2003,04 - Administração,8544966207,8898591161,8257064811,7390487978,7362507102,6810125026
2003,05 - Defesa Nacional,12530701625,12769133955,12791831371,11570137312,11570137312,10736123573
2003,06 - Segurança Pública,2403781460,2631444502,2826060972,2405206075,2405123126,2091900947
2003,07 - Relações Exteriores,941380896,946336986,1215513335,1164099968,1164074400,1135111828
2003,08 - Assistência Social,6841318873,8719318985,9240406897,8416353101,8416353101,7778375007
2003,09 - Previdência Social,131806160039,131838621594,145676085176,145477600267,145477548884,142780640064
2003,10 - Saúde,25652059695,27782999932,28025668858,27173569935,27171848048,25162828963
2003,11 - Trabalho,8226407251,8216129633,10058367537,9495718206,9494835293,9480834251
2003,12 - Educação,14122015540,14461900620,14940247043,14226125146,14224269574,12819444790
2003,13 - Cultura,257595853,348554336,353383767,231451079,231342792,184019736
2003,14 - Direitos da Cidadania,484469999,620892305,604551562,394445343,394444982,335276916
2003,15 - Urbanismo,29531211,912976029,915500926,342852546,342852546,76940173
2003,16 - Habitação,22375000,296063351,370449112,122255251,122255251,10922039
2003,17 - Saneamento,33589000,224239368,225232898,58683470,58683470,5744872
2003,18 - Gestão Ambiental,1133907189,2326202777,2409727100,947852612,947749417,707462808
2003,19 - Ciência e Tecnologia,2050264927,2093426527,2133577756,1993307060,1993196407,1654688216
2003,20 - Agricultura,8331187549,8998343065,9367545422,6505712612,6505710581,6150653851
2003,21 - Organização Agrária,1489374579,1599298679,1609737679,1429517261,1429517261,958991895
2003,22 - Indústria,494983405,564204442,571598475,439331015,439331015,408399888
2003,23 - Comércio e Serviços,2802300488,2983033488,2836831130,2066642030,2066541571,1807274822
2003,24 - Comunicações,901807385,1007800326,970095686,641494866,641494866,565724793
2003,25 - Energia,1940074405,2138639405,4435305082,3906494657,3905492856,1929610900
2003,26 - Transporte,3589860207,5277770230,5743840436,3048100006,3048096911,1867079429
2003,27 - Desporto e Lazer,144597000,357566940,359387740,159851493,159851493,47066444
2003,28 - Encargos Especiais,749168706275,756581226684,807099927512,614100499357,614092503303,598446252186
2003,99 - Reserva de Contingência,12972981521,20521574590,13737010385,0,0,0
2004,01 - Legislativa,3383651898,3429521898,3622955093,3535512778,3535512778,3319763118
2004,02 - Judiciária,9700404778,9793107086,10647497659,10530935648,10530935648,9805435496
2004,03 - Essencial à Justiça,1813295977,1830002302,2170759686,2126077659,2126077659,2019401004
2004,04 - Administração,11756166820,11817329428,10314069070,8936539231,8936536575,7994916210
2004,05 - Defesa Nacional,11799614210,11951908978,13891305504,13573310125,13573310125,12311334364
2004,06 - Segurança Pública,1966037082,2722409285,3213148017,2767855746,2767855746,2457027978
2004,07 - Relações Exteriores,1153843969,1157843969,1728494467,1311767193,1311767193,1247577127
2004,08 - Assistência Social,9277828453,13171487485,14337482572,13863354950,13863295002,13598207054
2004,09 - Previdência Social,160711597442,160707742715,166403725223,165509439470,165509439470,164779493837
2004,10 - Saúde,32368874621,33099373569,34414624640,32972885891,32972885891,30100172509
2004,11 - Trabalho,10419763142,10459941672,11297047508,10706740025,10706740025,10486080102
2004,12 - Educação,15364819136,13852006885,15514271978,14532927063,14532927063,13270236141
2004,13 - Cultura,301299144,417126402,434044436,323920554,323920554,236316434
2004,14 - Direitos da Cidadania,569546524,595004565,662239584,550343506,550343506,464898822
2004,15 - Urbanismo,690034568,1247321976,1668810966,1192707919,1192707919,719919222
2004,16 - Habitação,358000000,527432023,788744168,489399562,489399562,226858490
2004,17 - Saneamento,48245000,184990846,193422800,76549869,76549869,11268334
2004,18 - Gestão Ambiental,1580895325,1297410195,1562533907,1193450484,1193443083,924152125
2004,19 - Ciência e Tecnologia,2509755330,2597985917,2758784795,2607083479,2607080739,2283412122
2004,20 - Agricultura,11852360512,11946750301,12336628151,7638336031,7635751822,7120442563
2004,21 - Organização Agrária,1843496931,1908113108,2947450629,2617626861,2617626861,1778969908
2004,22 - Indústria,3358448229,3321660727,3813352457,1548519110,1548519108,1170749153
2004,23 - Comércio e Serviços,2749029993,2913969302,2963314434,2084429012,2084429012,1448968328
2004,24 - Comunicações,646042247,631312427,673488697,496444548,496444548,393422125
2004,25 - Energia,739643000,725499082,757136336,396051933,396051933,360635160
2004,26 - Transporte,3242542643,3970495207,5547156239,3651548218,3651548218,2458754047
2004,27 - Desporto e Lazer,130799667,357890276,383716805,271419136,271419136,147613652
2004,28 - Encargos Especiais,1133928100466,1142602351745,1163493254426,602675831511,602675249879,597125771312
2004,99 - Reserva de Contingência,23422545018,19849416965,18292542928,0,0,0
2005,01 - Legislativa,4250591141,4253845897,4359106715,3806780934,3806780934,3614638156
2005,02 - Judiciária,11674967197,11673635411,12323334087,10674599871,10674598981,9928230919
2005,03 - Essencial à Justiça,2639208977,2668191248,2758989686,2330828210,2330828210,2214367186
2005,04 - Administração,10589922641,12016437719,10873096521,9085397242,9085397242,8033644364
2005,05 - Defesa Nacional,14268386493,14586613384,16574264268,15422407420,15422398758,14156405623
2005,06 - Segurança Pública,3180600377,3378053293,3773532830,3018051167,3018051167,2608341048
2005,07 - Relações Exteriores,1453848919,1437801594,1707926921,1528533635,1528533635,1398115622
2005,08 - Assistência Social,15807753725,15961400416,16061704394,15806089728,15806087874,15571135628
2005,09 - Previdência Social,180185763551,180307473922,189575391612,188505524167,188505524820,187339838274
2005,10 - Saúde,35420022415,36684557843,39000368842,36483267398,36483267398,33191032658
2005,11 - Trabalho,12125416056,12149702035,13056635466,12716914014,12716914014,12588472914
2005,12 - Educação,17033358306,17309499813,18408140932,16187695350,16187695350,14021828523
2005,13 - Cultura,392908903,584669367,621162145,494098178,494098178,354542898
2005,14 - Direitos da Cidadania,725783646,1047377781,1052190781,828656979,828656979,654767164
2005,15 - Urbanismo,835701165,2679303620,3162243529,2111421447,2111421447,602173537
2005,16 - Habitação,511788681,720555355,720555355,569926911,569926911,147152978
2005,17 - Saneamento,94789318,196907038,191255823,88265176,88265176,28090340
2005,18 - Gestão Ambiental,2473538494,2512078823,2716319025,1992018223,1992004466,1159716657
2005,19 - Ciência e Tecnologia,3227999006,3867239533,3900791898,3274462861,3274462390,2681299064
2005,20 - Agricultura,11251418099,11729712974,12007181901,8328364486,8327650276,7479875367
2005,21 - Organização Agrária,3984225691,4024094592,4100226592,3583243450,3583195450,2550215134
2005,22 - Indústria,1424655861,1482398036,1864811608,1494760420,1494755484,1163046681
2005,23 - Comércio e Serviços,3200634714,3879897417,3677111981,2843572314,2843568076,1580430701
2005,24 - Comunicações,727751695,972751695,999063132,481222355,481222355,408794975
2005,25 - Energia,766261912,766260787,819266091,470954353,470954353,408506552
2005,26 - Transporte,4639253868,8186588113,8881435405,6722945939,6722945939,3361078932
2005,27 - Desporto e Lazer,170591077,631346916,685109961,423069816,423069816,109842323
2005,28 - Encargos Especiais,1216577815378,1229076087414,1241599413184,757518768037,757518455560,744780615265
2005,99 - Reserva de Contingência,21122511196,21618689006,18828142695,0,0,0
2006,01 - Legislativa,4679580212,4707766082,5103597310,4759880270,4759880270,4459319160
2006,02 - Judiciária,13940781559,13879244732,14714420927,14526955110,14526955110,13624018282
2006,03 - Essencial à Justiça,3108463585,3161614403,3198671593,3072330872,3072330872,2904389689
2006,04 - Administração,12832153329,16588132069,11927156092,11076242279,11076242279,9771362359
2006,05 - Defesa Nacional,15081006453,16021404619,17712361711,16848086084,16848086084,15672595232
2006,06 - Segurança Pública,3319866900,3439681065,4378220541,3911897957,3911897957,3305145276
2006,07 - Relações Exteriores,1445850120,1455132148,1502008846,1396888123,1396888123,1363521158
2006,08 - Assistência Social,19053568306,21282618149,22597133735,21554576956,21554576208,21286254318
2006,09 - Previdência Social,202782418804,202455072353,213477195426,212965455190,212965455190,212489230646
2006,10 - Saúde,39843932011,40497699395,42291360385,40577223419,40577223419,36219811910
2006,11 - Trabalho,13312386798,13473273860,16746608990,16553771316,16553771316,16283042937
2006,12 - Educação,17281404613,17648843815,20437664406,19666989874,19666989724,17078449347
2006,13 - Cultura,512905015,641950605,691905449,581010677,581010677,393833833
2006,14 - Direitos da Cidadania,941563745,961983848,1198251802,983057590,983057590,738671726
2006,15 - Urbanismo,1097324758,2699243972,3059220745,2151107769,2151107769,630507955
2006,16 - Habitação,561354250,635155521,1519137220,1166966884,1166966884,68482276
2006,17 - Saneamento,74952898,153822898,155972268,56282718,56282718,21878794
2006,18 - Gestão Ambiental,2304085538,2248901699,2379919682,1609486886,1609486586,1171204784
2006,19 - Ciência e Tecnologia,3316057174,3598639573,4222284572,3818015379,3818015379,2881133661
2006,20 - Agricultura,9857204447,10411277145,13375511897,10149205769,10148921481,8395344828
2006,21 - Organização Agrária,3921693600,4012082643,4705359331,4249062774,4249062774,2961810410
2006,22 - Indústria,2241184145,2300809260,2400932679,2066868255,2066868255,1999381063
2006,23 - Comércio e Serviços,2469464760,3411848207,3652421879,2791825067,2791825067,1871687691
2006,24 - Comunicações,621835894,621472613,635319319,478531726,478531726,427320855
2006,25 - Energia,641023184,730479719,563637917,449316662,449316662,371021624
2006,26 - Transporte,6790808912,7638171715,9023579207,6964821736,6964821736,3521893906
2006,27 - Desporto e Lazer,386589281,885977751,1018997605,737740827,737740827,266100652
2006,28 - Encargos Especiais,1227578028392,1237398463713,1285012234371,778547877054,778547877054,764379706981
2006,99 - Reserva de Contingência,27906973626,27811521604,22477821486,0,0,0
2007,01 - Legislativa,5256825038,5306698638,5390998638,4952367695,4567092112,4495696019
2007,02 - Judiciária,16190375806,16342545806,16395894810,16059112586,14998058584,14942919802
2007,03 - Essencial à Justiça,3454299460,3657889460,4048503817,3734654262,3427130389,3408057323
2007,04 - Administração,14618968601,14951738825,15770170276,14105523289,12312152652,12206949058
2007,05 - Defesa Nacional,16984207457,18374232650,20197383179,19568438633,17502374493,17436840061
2007,06 - Segurança Pública,4437828321,4821478321,5973223813,5293155627,4615929809,4565920181
2007,07 - Relações Exteriores,1744280164,1786580164,1801918732,1480377613,1463445643,1460618701
2007,08 - Assistência Social,24048931734,24316846734,24864317238,24713576450,24653045499,24503281873
2007,09 - Previdência Social,233072118114,233078618114,235202328468,234374636397,233700420597,233678272253
2007,10 - Saúde,42365803415,45665189468,49172892521,45723020584,40215295882,40091793136
2007,11 - Trabalho,17377719057,17438136428,19970375414,19752439319,19512579683,19509127925
2007,12 - Educação,21673514120,22322538500,25042077538,24353400689,21388770447,19994640505
2007,13 - Cultura,611378400,824973400,1004299396,757743041,442998051,431386135
2007,14 - Direitos da Cidadania,907229190,989283997,1310440411,947053748,662282928,644471451
2007,15 - Urbanismo,1117523410,3238265325,5359482592,4429794804,892853037,768884607
2007,16 - Habitação,908200000,946053857,1021541089,600206041,382365,252849
2007,17 - Saneamento,86000000,316141000,1771939339,1555139711,39757156,39190813
2007,18 - Gestão Ambiental,1739535070,2158289721,3781123371,3248377862,1373817545,1350872528
2007,19 - Ciência e Tecnologia,4101489660,4315036047,4603410198,4328570194,3323542560,3155839804
2007,20 - Agricultura,13327786737,14040018090,15824299046,11345129437,7995794482,7936277501
2007,21 - Organização Agrária,4034307980,4234068980,5148858980,4853514917,3547869641,3534106775
2007,22 - Indústria,1926543638,1991939248,2965605929,2820876527,2739668754,2452160704
2007,23 - Comércio e Serviços,3053650030,4165251156,4427365156,2877336075,1545950979,1541120921
2007,24 - Comunicações,676950235,690004408,1040386795,905942017,490760127,480488561
2007,25 - Energia,704659465,750012943,754203424,542749698,430215709,426129501
2007,26 - Transporte,7816519480,9744546409,14193836650,12238825430,5783837907,5501319647
2007,27 - Desporto e Lazer,447251328,923118828,1575555828,1414798690,756190486,754274867
2007,28 - Encargos Especiais,1042317113409,1043498503617,1053072409110,756822284557,747097984841,746182183995
2007,98 - Atípica,0,380000,380000,0,0,0
2007,99 - Reserva de Contingência,26539591988,25254705965,22456011665,0,0,0
2008,01 - Legislativa,5583455547,5619277918,5816420432,5306731597,4822323126,4675106443
2008,02 - Judiciária,19669131902,18974758542,19008581611,18795010872,17832145321,17761371786
2008,03 - Essencial à Justiça,4319506890,4258861031,4690679475,4572120419,4277092207,4273013719
2008,04 - Administração,21536036391,18117257043,16427794020,14784200829,13229078482,12929620818
2008,05 - Defesa Nacional,21514654440,21049953979,24016082887,22471340595,20186793350,18580545872
2008,06 - Segurança Pública,5541354032,5770500227,7730222319,6581461356,5523151766,5496227891
2008,07 - Relações Exteriores,1819189176,1581267146,1715036364,1921977913,1904888142,1872140415
2008,08 - Assistência Social,28516223623,28595259595,29116379114,28845211480,28660748961,28451342913
2008,09 - Previdência Social,252193248351,252744591152,259650764383,258586392156,257543728562,240726250255
2008,10 - Saúde,47745760210,48499012638,52738361425,50138518345,44552547915,44454924556
2008,11 - Trabalho,21711876237,21849538441,23800825725,22694747167,21982761229,21980535166
2008,12 - Educação,26964370006,27431582720,29963335502,28250881854,24608226102,23755503060
2008,13 - Cultura,956425868,1070264386,1239724612,897912541,547807744,545358778
2008,14 - Direitos da Cidadania,1585074141,1458588741,2081937754,1510291161,976093984,937802092
2008,15 - Urbanismo,2371982827,4713492635,6057335368,4341456767,1120325291,1093175710
2008,16 - Habitação,1278694000,1008043932,1269455989,1044746401,152802023,151389760
2008,17 - Saneamento,1661341962,1371422781,1988370570,1781597820,478159615,477938652
2008,18 - Gestão Ambiental,3917761837,4130803643,4448877740,3754308230,1487058312,1484306217
2008,19 - Ciência e Tecnologia,4946837293,5059231248,5514205996,5224803222,4103683561,3993237803
2008,20 - Agricultura,14955237630,14784977295,15383145685,9773352433,7951564112,7766117263
2008,21 - Organização Agrária,5247671592,4982535128,5984462175,4522058933,2514453104,2487798446
2008,22 - Indústria,2276566564,2342937099,2558022713,2279123663,2124791090,1553131644
2008,23 - Comércio e Serviços,2910939873,4233860427,5380120640,3375364986,1340587247,1336444133
2008,24 - Comunicações,712196930,633331134,660139063,531330507,406737098,406718230
2008,25 - Energia,699817335,630271770,798671041,534020738,462172110,458799596
2008,26 - Transporte,12528439802,13306697055,16232826207,13114223760,4860813037,4710786064
2008,27 - Desporto e Lazer,284206178,1138886479,1392795119,963810870,204006637,203308684
2008,28 - Encargos Especiais,816715175252,824678289647,984624484352,742255871284,732829605903,732063096994
2008,99 - Reserva de Contingência,22380433158,22232518752,21658108191,0,0,0
2009,01 - Legislativa,5810394571,5712634895,5592637365,5163880131,4786359744,4779593208
2009,02 - Judiciária,20728967146,20733776807,20756505244,20463605786,19163586540,19129926087
2009,03 - Essencial à Justiça,5022222435,4986787572,5157836607,4994721417,4747366406,4743679144
2009,04 - Administração,23154174056,21647606315,18903218028,17078292135,15238303528,15054024479
2009,05 - Defesa Nacional,26289134809,25912400425,29272409693,26147139833,23263422703,23081548170
2009,06 - Segurança Pública,6490909320,6587355592,8895756696,7991291125,6542695653,6501298268
2009,07 - Relações Exteriores,1893466639,1676027203,1880882132,1548807996,1521873643,1521814404
2009,08 - Assistência Social,33107647574,32683705705,34328677411,33335541043,33116086440,32961253320
2009,09 - Previdência Social,293198237754,293030008349,294499067640,291079255477,290185640600,276864892137
2009,10 - Saúde,54662132761,54739903044,59558837469,58148973463,49733158456,49561033568
2009,11 - Trabalho,26799717651,26653339396,30657681605,29300856977,28630575972,28617905023
2009,12 - Educação,37632963962,36483290274,39904822756,36679526521,31709359179,30749363229
2009,13 - Cultura,1089029938,1269804016,1301168119,1119576844,698127505,693473884
2009,14 - Direitos da Cidadania,1786715144,1601260048,1873974809,1569164091,1153235028,1073115150
2009,15 - Urbanismo,4487986371,8108817992,6692946179,4710715910,1660351562,1645801953
2009,16 - Habitação,1526230918,1433657225,1222683225,1010904881,135751268,135751268
2009,17 - Saneamento,2658371000,2204212483,3111855045,3018961464,845073787,842726238
2009,18 - Gestão Ambiental,4365154795,4144671851,4222104845,3697451936,1683427425,1679823267
2009,19 - Ciência e Tecnologia,6187155800,5533109005,6559222739,6190020531,5022103870,4806233001
2009,20 - Agricultura,15494446377,17692173111,18041210737,14722850853,11484870086,11195968971
2009,21 - Organização Agrária,5580586197,5648889186,5643836144,4844686080,2514261605,2499403853
2009,22 - Indústria,3051913344,3150317779,3333413089,1601644758,1335699504,1310899487
2009,23 - Comércio e Serviços,2968813231,5430823309,5374505715,4035522371,1411785927,1402031735
2009,24 - Comunicações,765785194,640387953,752171182,534288749,405440906,404686506
2009,25 - Energia,927183998,831859110,967252460,809965950,645301715,640589059
2009,26 - Transporte,14673938663,14973288136,19290555533,16505399965,8336875157,8072535504
2009,27 - Desporto e Lazer,384646070,1397683667,1463976971,982220417,153651720,145815011
2009,28 - Encargos Especiais,956882752483,951904890244,1056752270372,819086146679,802084315292,801185558243
2009,99 - Reserva de Contingência,27425284530,24635080802,19162344387,0,0,0
2010,01 - Legislativa,5652948776,6117050845,5969445345,5660917499,5307717818,5260848180
2010,02 - Judiciária,22126494061,22401298031,22821806361,22409590849,20941366397,20879991397
2010,03 - Essencial à Justiça,5154548887,5280788915,5599186356,5480593168,5184949453,5167564145
2010,04 - Administração,27002674660,27713589578,21335369306,19988026997,18176206300,17749914198
2010,05 - Defesa Nacional,29825663446,30653087895,34480971517,32281830987,28080919847,27749171103
2010,06 - Segurança Pública,6490449835,7108062942,10881325830,9728282481,8011296335,7948899757
2010,07 - Relações Exteriores,1945970081,1945570081,2215495031,1896692971,1853320420,1850376711
2010,08 - Assistência Social,38423049290,38629489810,39427948943,39112121094,38783345094,38693355345
2010,09 - Previdência Social,312972757598,313168686731,327397238679,326550560034,325893256627,312806794232
2010,10 - Saúde,57384144681,61616920571,64308088232,61873700098,55786738760,55471684625
2010,11 - Trabalho,31206559355,31316761728,31909756777,31449069870,31083325992,31076269450
2010,12 - Educação,44805451335,45905927877,53052036380,48501831189,42110277537,40798812142
2010,13 - Cultura,1289608395,2145266563,2190149718,1385121729,876319129,806630374
2010,14 - Direitos da Cidadania,1868172123,2038584817,2257632712,1830807276,1436818181,1270535600
2010,15 - Urbanismo,3412683242,6549366691,7404312942,4867323965,1914288394,1785531376
2010,16 - Habitação,714708248,726331095,313439095,175457223,21359362,21359009
2010,17 - Saneamento,2206000000,2140693545,2364501070,1745341124,516093377,516091954
2010,18 - Gestão Ambiental,4475796310,4551170877,4875740086,3713043303,2102227126,2077819809
2010,19 - Ciência e Tecnologia,6731142080,7840624145,8075847290,7544768420,5554682577,5322457649
2010,20 - Agricultura,16110935596,19287876864,19796247600,14725094754,9419866552,9047294578
2010,21 - Organização Agrária,4995198575,4978489554,5657657742,4269665683,2304562438,2195602386
2010,22 - Indústria,2157442837,2419320389,2773871127,1804474401,1505916591,1462258621
2010,23 - Comércio e Serviços,2384803777,5768886778,5752916949,3843617546,1481943984,1438435793
2010,24 - Comunicações,820362213,800517813,1186422823,970764011,548798790,545885430
2010,25 - Energia,999702473,1098079479,1112213438,675468306,534312723,505112756
2010,26 - Transporte,20148514798,21149615884,24965031539,20628269501,11973778720,10960126520
2010,27 - Desporto e Lazer,406198137,1517034989,2077487942,1036279595,257279674,256264421
2010,28 - Encargos Especiais,1065559734110,1069968655247,1124410156323,830802451564,810933835234,810824516257
2010,99 - Reserva de Contingência,21161279433,21184044618,13587585353,0,0,0
2011,01 - Legislativa,6526876945,6640472551,6295405530,6046246476,5670334288,5657884904
2011,02 - Judiciária,21919968097,22151690755,22948199518,22519908215,21123150402,21086648555
2011,03 - Essencial à Justiça,5586738312,5775485585,6003973487,5810262324,5373632781,5365684760
2011,04 - Administração,26848009598,26698905512,21209029958,19155409278,17612094718,17236907690
2011,05 - Defesa Nacional,31322332202,32059314873,34122958033,32327448308,27939811060,27801165450
2011,06 - Segurança Pública,7953610823,8041186485,10224416092,7689710749,6469959068,6460868923
2011,07 - Relações Exteriores,1965186036,1926018280,2206972280,1923587870,1903133776,1902706147
2011,08 - Assistência Social,41695935991,41701222373,45965256894,45570866178,45109187177,44847304987
2011,09 - Previdência Social,351168524362,351177355423,361313095702,360039850624,359310137032,346038158533
2011,10 - Saúde,68468385695,71368228613,74557387772,72241422575,63965609060,63822437383
2011,11 - Trabalho,32516917557,32673268547,38145371917,36449372095,35979706472,35978309578
2011,12 - Educação,56677199392,57314786805,62769216732,58453900963,48184704875,47054642169
2011,13 - Cultura,1555680857,1715667775,1865863041,1414081057,646739817,641434326
2011,14 - Direitos da Cidadania,1633641948,1785903894,1906084137,1407824839,1075078803,978443348
2011,15 - Urbanismo,3578225127,7149152814,7330966655,4275565287,1287400710,1262239013
2011,16 - Habitação,651000000,712000644,707500644,508059854,59756681,59405112
2011,17 - Saneamento,1981652515,1786163742,1774407688,1653044041,269667110,269228386
2011,18 - Gestão Ambiental,4465593243,4562186652,5170579951,3751287288,2344254868,2324619339
2011,19 - Ciência e Tecnologia,7451899163,7177495170,7634250974,7000259472,5332979122,4955928652
2011,20 - Agricultura,17941073840,19594322714,20238336731,15851311431,9897032839,9609695753
2011,21 - Organização Agrária,4710209966,4665900476,5183587497,4239096060,2134271327,2129531470
2011,22 - Indústria,2698634868,2786896558,3046397252,1862952554,1649708573,1632604524
2011,23 - Comércio e Serviços,3281677717,6090383165,6119288165,3707028957,1221327601,1197761702
2011,24 - Comunicações,1369333086,1313341976,1378248573,845929623,685560366,675253797
2011,25 - Energia,930844712,983289563,969760695,625793706,550926107,536716529
2011,26 - Transporte,23173022936,23351703627,23963656585,19169476723,10799591212,10648475171
2011,27 - Desporto e Lazer,1285363782,2405012197,2715914832,1152796356,312606658,311862642
2011,28 - Encargos Especiais,1189130335903,1194151974785,1218178399194,941138833991,914014076697,913584253597
2011,99 - Reserva de Contingência,22068233554,26633027837,19727741399,0,0,0
2012,01 - Legislativa,6502904639,6504014786,6560704988,6054336059,5844815586,5842083192
2012,02 - Judiciária,24112419071,24387083195,25728795437,24381174131,22784271462,22715596590
2012,03 - Essencial à Justiça,3936883589,4067262650,4183458138,4019713627,3641759343,3631373155
2012,04 - Administração,23739719343,23703843640,25001514021,22149432697,18726549230,18206041801
2012,05 - Defesa Nacional,33067483477,34155281098,41799869412,36976781253,29689747491,29501294595
2012,06 - Segurança Pública,8386084930,9244529962,11504813541,8647311337,6719901826,6706657632
2012,07 - Relações Exteriores,1797509176,1818260931,2390701128,2313893579,2230555143,2229992854
2012,08 - Assistência Social,54065344660,54761062266,58242645479,56633741536,55327194432,53873616060
2012,09 - Previdência Social,391666375809,391762225809,401152372320,400075115128,399440038074,384679484931
2012,10 - Saúde,79531384068,85429797081,89014896424,79917058749,71617365235,71380033428
2012,11 - Trabalho,42314617144,42428936607,48801278125,42502434899,41553795063,41503563158
2012,12 - Educação,66548231587,68571914013,83836249893,72575509224,57602332966,57225881791
2012,13 - Cultura,1644229337,1979585616,3027110136,1904727526,875566142,846961830
2012,14 - Direitos da Cidadania,1190048023,1596590170,2185915715,1330182471,624516701,621211741
2012,15 - Urbanismo,3398809926,7064124808,9161255867,4721703467,1199526516,1109405042
2012,16 - Habitação,886093669,954456087,757234087,565275830,133971925,133929587
2012,17 - Saneamento,2753239343,3072181417,4320873786,2653720247,740637863,738263530
2012,18 - Gestão Ambiental,5737321316,6348753837,8457357532,5529943872,2764359286,2737689297
2012,19 - Ciência e Tecnologia,8467655633,9452191753,10828299763,7810566602,6187767345,5742180563
2012,20 - Agricultura,17255966726,19371743137,22229391795,16474062002,10512760549,10222749618
2012,21 - Organização Agrária,4637441059,5371516151,7892154231,5836240757,1947309050,1911897014
2012,22 - Indústria,2054982027,2395248992,2630534607,2174769376,1911678705,1884647578
2012,23 - Comércio e Serviços,2178691180,4124219357,6812638143,3961232576,1333075393,1331640943
2012,24 - Comunicações,1345239060,1342506521,1552864950,1096329272,766871024,728336671
2012,25 - Energia,1061921676,1092121676,1162354383,795838240,686199143,665480024
2012,26 - Transporte,23680551145,25924695463,34431798949,22413943815,12120922132,12019858115
2012,27 - Desporto e Lazer,1576440933,2571718378,3586753635,1257353637,377229225,366750958
2012,28 - Encargos Especiais,1270688354946,1279384157403,1320589625325,1005023276708,973856407365,973538157794
2012,99 - Reserva de Contingência,34047739949,31578844703,18873775770,0,0,0
2013,01 - Legislativa,6961559450,7086215287,7062873067,6579809273,6168198115,6139724288
2013,02 - Judiciária,24594530637,24903637673,26677291453,25740830258,24066103759,23983131532
2013,03 - Essencial à Justiça,4178357209,4415017209,4830859711,4647713155,4229139522,4212739450
2013,04 - Administração,27878449670,26712777485,25745398653,21965943246,19908861725,19392413957
2013,05 - Defesa Nacional,34744045677,36194764309,39716769083,37796457555,31584333784,30937991781
2013,06 - Segurança Pública,7198065536,8117755578,11284728570,9108778276,7236512924,7159257604
2013,07 - Relações Exteriores,1989759192,1989759192,2342441328,2257829784,2223138029,2222789041
2013,08 - Assistência Social,61455958880,61777273509,66099871236,64646573248,62290382825,60739493316
2013,09 - Previdência Social,428636136447,429532519508,446964306660,446134746032,444453737031,429787276936
2013,10 - Saúde,87667575313,92296122428,93105133847,85304343215,77282275717,76563088560
2013,11 - Trabalho,59693549225,59768734528,67340294579,66150388203,64458088324,63867220628
2013,12 - Educação,71713751863,73797302949,89819828046,82251838385,68361098936,65890214722
2013,13 - Cultura,2874036168,3577099355,3502547307,2408465988,896331287,869852198
2013,14 - Direitos da Cidadania,1388712267,1864341826,2050352431,1532566371,704366890,698199613
2013,15 - Urbanismo,4162378583,9148055066,8765589756,4831722195,1173340884,1067174734
2013,16 - Habitação,501400000,581529000,293915859,206718366,11490066,11480366
2013,17 - Saneamento,3338316071,3697216071,3418288451,2953020442,629464341,628537814
2013,18 - Gestão Ambiental,7566450874,8010251336,7534118721,6595312394,3580612382,3400370519
2013,19 - Ciência e Tecnologia,9539120045,10114939068,12150680595,10739839301,8611972534,6822399896
2013,20 - Agricultura,22317628397,24130777602,25009494898,20491569866,10514432520,9729647689
2013,21 - Organização Agrária,4965523605,5565956542,10027324108,7558779517,2718861163,2697088781
2013,22 - Indústria,2211945576,2394591798,2641498170,2241048272,1935932664,1896141595
2013,23 - Comércio e Serviços,3447289697,5455883252,6995325971,4994590915,1309487120,1308405781
2013,24 - Comunicações,1608244779,1624094779,1653776899,1434382481,1143540021,1123021519
2013,25 - Energia,1036210341,1113410341,1212597599,1027150010,819856852,800522579
2013,26 - Transporte,23782416181,24577351302,24032375380,20903083764,11048002164,10503729827
2013,27 - Desporto e Lazer,1862452078,3350932399,4124982291,2317288826,400049929,393772066
2013,28 - Encargos Especiais,1185425020733,1190257532233,1335915655816,987582109220,950695696580,949870726663
2013,99 - Reserva de Contingência,47516864576,43854964044,25171883232,0,0,0
2014,01 - Legislativa,6983294099,6950840498,7046550661,6680079633,6325412015,6319392103
2014,02 - Judiciária,27728536563,27991625424,29431596334,28531828658,26737193270,26686632284
2014,03 - Essencial à Justiça,5111778085,5392088914,5726865800,5563329197,5133751213,5099300503
2014,04 - Administração,27174974521,27206782816,25156371778,21234963791,19783525936,19419818038
2014,05 - Defesa Nacional,37449739979,38569820724,42717431110,40250272805,34896031266,34235326224
2014,06 - Segurança Pública,8219432006,8456349686,10638076369,8945185299,7351158653,7233237067
2014,07 - Relações Exteriores,2072686181,2072986181,2393676181,2436966089,2384132757,2384083988
2014,08 - Assistência Social,68095020528,68216343528,70938059410,70433458816,68338786752,66847735368
2014,09 - Previdência Social,473498795485,473509193503,495629715261,495305597961,494021483210,471639642773
2014,10 - Saúde,92317310084,98036362031,100313538371,94065346001,86657737261,86327540676
2014,11 - Trabalho,64160363109,63838510464,73066244247,71639538843,69646718277,69571558048
2014,12 - Educação,81227920138,83275927095,102438345117,93897290663,81414428304,80903901145
2014,13 - Cultura,2514189256,3012548256,3051053656,1835787688,928338975,908005916
2014,14 - Direitos da Cidadania,1557582851,1854107920,1878807082,1485064688,765731842,753210643
2014,15 - Urbanismo,5049291639,8289330501,7957700253,4142871788,1529731180,1378142478
2014,16 - Habitação,387846225,458081935,378081935,47587018,7455551,7455551
2014,17 - Saneamento,3557243252,3426319188,2272698630,1691433569,483085984,455310185
2014,18 - Gestão Ambiental,8500907343,8734525210,8647775922,6792097024,3809265818,3474976414
2014,19 - Ciência e Tecnologia,8699510619,8997879362,9606327429,8337192024,6414313719,6021984829
2014,20 - Agricultura,23641386989,24439596267,24638697651,18851839976,10659042580,10117095888
2014,21 - Organização Agrária,4911620275,5156372499,5970422544,4292230106,2604469648,2517897482
2014,22 - Indústria,2505180072,2555003472,2625674452,2289207208,2135227532,2086317798
2014,23 - Comércio e Serviços,4798377479,5560101209,5942586185,4747521547,1367142535,1366971932
2014,24 - Comunicações,1573559858,1637445736,1810857840,1516608507,1273773730,1253630464
2014,25 - Energia,1953698458,2059672458,2199056241,1160244802,985372039,840129119
2014,26 - Transporte,24371189833,24646839493,26002266387,21123901222,14126120638,12218222276
2014,27 - Desporto e Lazer,1525386486,2228585737,3299212236,2417134783,854433812,838728332
2014,28 - Encargos Especiais,1337829849767,1345026899337,1505981078995,1288620911435,1247007871340,1246719225954
2014,99 - Reserva de Contingência,34567676643,31577857866,30613635499,0,0,0
2015,01 - Legislativa,7309164381,7365313468,7507690746,7103863348,6759374606,6753103952
2015,02 - Judiciária,29413217235,30316955792,32218086130,30946924977,29085734786,29026772407
2015,03 - Essencial à Justiça,5782982898,6462051664,6935906409,6453087390,5939773375,5906145798
2015,04 - Administração,31502025625,31159116532,29344147690,21796336697,20678351389,20556242176
2015,05 - Defesa Nacional,40618801090,43365363628,46413519495,41424403141,36135040899,33346171366
2015,06 - Segurança Pública,8318564658,8668397884,10807229620,9035951436,7869850041,7753719484
2015,07 - Relações Exteriores,2182318994,2193935484,3069571007,3153953243,3099332981,3094844306
2015,08 - Assistência Social,74718321918,74629681634,74550701634,73231136410,70717712868,69189785249
2015,09 - Previdência Social,529896421509,529878879813,541631120447,541216413317,540619552885,514494995316
2015,10 - Saúde,101007750953,112790518353,113007419766,102093782977,94626412057,93864923547
2015,11 - Trabalho,68527188044,68440238250,69970536779,67328190166,65351460413,65319558563
2015,12 - Educação,103028469184,105082965553,115501163942,103779651895,90325042930,88600739992
2015,13 - Cultura,2510028931,2770444578,2797362737,1867416089,896457220,855175442
2015,14 - Direitos da Cidadania,1635060229,2154674574,2202296040,1318521339,743366049,714905464
2015,15 - Urbanismo,6114759054,9963265523,9573360982,4370785073,1183662076,1133010595
2015,16 - Habitação,103960000,182848917,182848917,68608429,2391944,2391944
2015,17 - Saneamento,2199005869,2793006313,2480716741,1093555475,260352596,259588717
2015,18 - Gestão Ambiental,6563717111,6816916287,7316146303,4840686705,3113792211,3017743181
2015,19 - Ciência e Tecnologia,10121563568,10407300086,10596465381,8521365539,6555765684,6114662453
2015,20 - Agricultura,26422918784,28195242494,28813431209,21628517309,18555177040,18044289737
2015,21 - Organização Agrária,5294667447,5544620455,5879650969,3091101292,1725242651,1656759102
2015,22 - Indústria,2523830315,2681088222,2750377919,2223210707,2002432731,1970587526
2015,23 - Comércio e Serviços,4294684056,5686938396,5861073698,4180291406,1116735054,1110885509
2015,24 - Comunicações,1502767333,1510689662,1616062110,1446006080,1282139183,1205327614
2015,25 - Energia,2218677604,2297559868,2337191826,1886424790,1603044767,1577419986
2015,26 - Transporte,25191823035,26036067634,24638383817,16806926168,11533881625,9754913514
2015,27 - Desporto e Lazer,2536202572,3253681539,3425032352,2045385539,669018426,657190590
2015,28 - Encargos Especiais,1725756435854,1715396624967,1746556772910,1299090073457,1281794022430,1281616304305
2015,99 - Reserva de Contingência,36084373426,30632559872,30501842947,0,0,0
2016,01 - Legislativa,7461854446,7214082977,7298069836,7158663403,7008229650,7002522794
2016,02 - Judiciária,33306227233,31197697174,32787368148,32021078581,31261933170,31231804912
2016,03 - Essencial à Justiça,6500904090,6388033744,6704217430,6633506701,6329320218,6317349980
2016,04 - Administração,27988852270,28020517415,28056029645,24372145017,22861156076,22707360484
2016,05 - Defesa Nacional,60145148144,59502531385,62964299316,62091542579,57488384356,57271198308
2016,06 - Segurança Pública,8082731570,7941624532,10343532369,9715492479,8446530071,8423101068
2016,07 - Relações Exteriores,3148112606,2837330048,3403494107,2963365909,2804844157,2803241398
2016,08 - Assistência Social,77806618158,77265286224,80058344061,79760672879,78231299222,77565299156
2016,09 - Previdência Social,572726804827,571799007375,596136237986,595479656073,594839249748,579874195676
2016,10 - Saúde,100350435266,109868123419,112333047757,108268384482,100469508811,100190605308
2016,11 - Trabalho,74338720360,72496149358,73672318876,72409670573,70046991411,70042457874
2016,12 - Educação,103006579637,103520522753,109900303710,106738195558,95512812954,95184512947
2016,13 - Cultura,2178969742,2101262903,2335013589,1939529497,955447124,951534715
2016,14 - Direitos da Cidadania,1339578249,1398775458,3710884047,2408372458,1883184096,1835676288
2016,15 - Urbanismo,2480729336,4531119063,4836942371,3825101167,1550380774,1528637621
2016,16 - Habitação,12402182,27633638,57633638,38162827,9405847,9405847
2016,17 - Saneamento,837301985,636189522,640710551,563574029,409895211,409018271
2016,18 - Gestão Ambiental,6160605612,5694719267,6479413806,5575470417,3482426737,3407665785
2016,19 - Ciência e Tecnologia,8280968633,7585870779,7702281950,7291770772,6221490302,6092706095
2016,20 - Agricultura,30083842437,29490212873,30303652863,25988793415,19809146939,19741679545
2016,21 - Organização Agrária,3958554806,3734413323,4233774353,2986742338,2329950425,2300200247
2016,22 - Indústria,2264086261,2435952479,2475286359,2357999866,2103699683,2081097602
2016,23 - Comércio e Serviços,4911199439,5351073943,4115774243,3086756771,2386538085,2382856251
2016,24 - Comunicações,1541528495,1482700271,1505503656,1420376005,1345952340,1332513455
2016,25 - Energia,1958451208,1232984830,1990237145,1901690428,1707850191,1705369484
2016,26 - Transporte,18168647801,17440754675,17241566639,14217272944,10260253946,10073981353
2016,27 - Desporto e Lazer,1511356020,1684872020,1678300135,1412850041,482514493,477839759
2016,28 - Encargos Especiais,1689063141317,1694082082616,1715450681290,1478847154756,1459263387305,1459233070310
2016,99 - Reserva de Contingência,53810697211,96584863244,74992638253,0,0,0
2017,01 - Legislativa,8112225736,8115446954,7933831954,7232161514,7077350503,7074379986
2017,02 - Judiciária,34539761853,34775745652,36107751459,34522432700,33342964993,33311723466
2017,03 - Essencial à Justiça,7382209021,7576021472,7494506992,7307452805,7018418994,7013122883
2017,04 - Administração,27420901900,27908980205,29603153795,27445890872,25544276476,25417419681
2017,05 - Defesa Nacional,68416834181,69921315731,69925026607,68701012218,63649491701,63164587761
2017,06 - Segurança Pública,8006425762,8895302462,11548518830,10860870234,9170114737,9133214442
2017,07 - Relações Exteriores,3429078172,3429930005,2990293373,2992080133,2899805463,2896387734
2017,08 - Assistência Social,83215587636,83350235976,85287456476,84718166403,84114244956,83092410149
2017,09 - Previdência Social,650451834366,650486009370,656528302236,655771850801,655483277288,637415842846
2017,10 - Saúde,107274202639,117168043509,120356455929,117602483172,103247633605,102713827691
2017,11 - Trabalho,74791195034,74821583187,77378652678,71493629176,69912201786,69304629458
2017,12 - Educação,110694082017,112558593477,115111614994,111405469319,102137015664,101815707372
2017,13 - Cultura,2182964147,2343128709,2183255676,1904144070,1023896691,1020637185
2017,14 - Direitos da Cidadania,1516339232,1635857472,2620243249,1763727008,1421468126,1419988010
2017,15 - Urbanismo,2937975938,8445700151,7666171525,6355264615,1875390948,1843890667
2017,16 - Habitação,341400000,139079603,69312712,51351554,6221014,6221014
2017,17 - Saneamento,1384949999,1525954381,909567457,858728939,714602964,714602964
2017,18 - Gestão Ambiental,4514502343,5509422454,4735272496,4186973848,3108805442,3103213596
2017,19 - Ciência e Tecnologia,8256281122,8732109810,8049066311,7333296175,6237953812,6193159643
2017,20 - Agricultura,35814423197,37110835311,27621027871,23226443291,15476380328,15309417801
2017,21 - Organização Agrária,2908270659,3197132630,3214784392,2753906300,1837260173,1821925242
2017,22 - Indústria,2281968425,2411239957,2402763238,2293022930,2184000295,2161591657
2017,23 - Comércio e Serviços,5255343267,5741757478,4335578632,2784625235,2095989432,2095745682
2017,24 - Comunicações,1422439908,1424617806,1360653426,1262769104,1171092401,1156929611
2017,25 - Energia,2130477504,2150717176,2030825336,1911790578,1802572835,1798372044
2017,26 - Transporte,19247936334,21494170457,18624237209,15307399907,10990075898,10913109165
2017,27 - Desporto e Lazer,894283507,1416039588,1510009779,1294608612,315858132,312799410
2017,28 - Encargos Especiais,2064421141653,2066564217991,2059762683075,1310385607672,1291716906995,1291486913545
2017,99 - Reserva de Contingência,60224934116,46582011264,48105386634,0,0,0
2018,01 - Legislativa,8181952248,8181952248,7948891989,7351912152,7203084653,7188116748
2018,02 - Judiciária,37802612845,38052612845,38072104849,35879527483,35087096459,35055613447
2018,03 - Essencial à Justiça,7637035616,7568216114,7587405927,7416162968,7102064834,7071322905
2018,04 - Administração,31987335663,31586092938,33182949718,31144663584,28622487682,27146855795
2018,05 - Defesa Nacional,71757425102,73528846994,76801389134,76872131786,71523508231,67417552147
2018,06 - Segurança Pública,10926345416,10435174526,12851324098,12451551853,9292895056,8820097778
2018,07 - Relações Exteriores,2882369195,2761199522,3288729636,3253556651,3149404481,3123472377
2018,08 - Assistência Social,86438695686,86971235630,88738644358,88678803760,87994039909,85896620680
2018,09 - Previdência Social,689466947495,689469293442,687095876303,684255236054,682600709099,642886448273
2018,10 - Saúde,114792311212,121631824540,121864792265,120871652323,109548320250,108179156538
2018,11 - Trabalho,81280439280,81376157891,74780362113,72391779953,70873872746,70289191277
2018,12 - Educação,109727504563,111291595745,114309381798,112189694762,99448576283,95589490221
2018,13 - Cultura,1945186149,2024899735,2102005530,1999667408,1032877290,988631122
2018,14 - Direitos da Cidadania,1474910606,1714613984,2171916873,1624511264,1018905446,991045465
2018,15 - Urbanismo,2029234710,5501299856,5468537602,5386967533,1706904144,1604573267
2018,16 - Habitação,49831179,63031179,19259386,18530685,5675724,5675724
2018,17 - Saneamento,941550000,964262442,926911907,921150485,558630555,558409625
2018,18 - Gestão Ambiental,4707958911,5399400945,4893823638,4640336355,3679132968,3472168059
2018,19 - Ciência e Tecnologia,7467777762,7823672570,7661984458,7472185862,6540843761,6352177093
2018,20 - Agricultura,29741558650,29131984054,26215262914,22828549925,16240036578,15860183302
2018,21 - Organização Agrária,2479548870,2907304082,2822048857,2710119962,1673158189,1568290231
2018,22 - Indústria,2312483137,2299994591,2299340060,2241644169,2121815535,2023240627
2018,23 - Comércio e Serviços,4512523576,4850662589,4647711130,4615387632,2652948837,2649197444
2018,24 - Comunicações,1424071155,1430209188,1487445666,1418986844,1220732183,1167687934
2018,25 - Energia,2228721999,2219780338,2104027391,2011409993,1862387902,1827181464
2018,26 - Transporte,15176517533,17107549475,15863593832,15155176029,11627894642,11459288588
2018,27 - Desporto e Lazer,737631145,1282252870,1312368007,1245425313,294594020,267922793
2018,28 - Encargos Especiais,2126562365398,2125287213851,2159913140752,1430319204985,1411570589969,1411401134467
2018,99 - Reserva de Contingência,44164788285,32058748448,20787517674,0,0,0
2019,01 - Legislativa,8313073951,8287466881,8105708386,7536785506,7362863281,7356955986
2019,02 - Judiciária,37129958248,37076631113,38612104122,37262431759,36705251707,36577874209
2019,03 - Essencial à Justiça,7620784739,7619409739,7978896971,7670015480,7450501155,7417860122
2019,04 - Administração,27585084690,27399460260,28282939093,27136486814,25225691361,23862162691
2019,05 - Defesa Nacional,74591137932,75281603271,85159023808,84345540566,78905546322,75283377976
2019,06 - Segurança Pública,10671295742,11480891045,11623345657,11335740480,9537398090,9021846771
2019,07 - Relações Exteriores,3335569279,3308047717,3594255914,3339882283,3234307431,3219169373
2019,08 - Assistência Social,92114720799,92421295028,96143656438,95973703167,94930468783,92845668722
2019,09 - Previdência Social,734889523977,734889523977,728746522712,726836038594,726587482962,684483036190
2019,10 - Saúde,114303393148,122623766937,127072209030,125990834983,115765610412,114182505319
2019,11 - Trabalho,80301389270,80326967633,77990841525,74300957551,72491891089,72477174718
2019,12 - Educação,114060684984,116758801930,118399807709,114081564557,98450528247,94474263880
2019,13 - Cultura,1761416256,1888854191,1978060238,1808382861,771499217,742439074
2019,14 - Direitos da Cidadania,2014662866,2113319792,2787843318,2399590722,915380945,886822526
2019,15 - Urbanismo,1783213109,4179528065,7798235536,7472849244,1442532848,1352131179
2019,16 - Habitação,22500000,234400000,24400000,21506500,11693914,4925414
2019,17 - Saneamento,458847465,448472183,517886502,514804925,454228864,450742891
2019,18 - Gestão Ambiental,4443685341,4421575388,5246012850,4770109973,3350590114,3264928013
2019,19 - Ciência e Tecnologia,7041456491,7266854305,7404053857,7247723364,6572757091,6369722668
2019,20 - Agricultura,26529564357,27367078906,25086038612,21908317266,15355104848,14732646047
2019,21 - Organização Agrária,1977197414,2019169801,1996014173,1958478850,1434349658,1375068771
2019,22 - Indústria,2089764510,2117917976,2062673156,1909924550,1787184992,1703568873
2019,23 - Comércio e Serviços,4507930203,4885232256,3776587470,2771332000,1789287078,1784458413
2019,24 - Comunicações,1534596522,1532122075,1449464179,1396546478,1245164122,1185519158
2019,25 - Energia,2641485143,2657111205,2883502003,2702982425,2376715426,2337960231
2019,26 - Transporte,17098545153,17387915447,16629219530,12224515500,8790773823,8670927846
2019,27 - Desporto e Lazer,614428783,948897053,977829352,751142844,160700958,158476629
2019,28 - Encargos Especiais,1815695611136,1813663675484,1868340707667,1461123241028,1445201355373,1444685422303
2019,99 - Reserva de Contingência,67077782315,51593314165,33530336974,0,0,0
2020,01 - Legislativa,8144212495,8132128362,8063462120,7508598688,7240339199,7236135807
2020,02 - Judiciária,37820371082,37779334672,38274701541,37619033732,36317535186,36274370282
2020,03 - Essencial à Justiça,7765718765,7731083803,8210916803,8185046819,7888446494,7837253681
2020,04 - Administração,28985500175,27625066899,28654205844,26789442895,24959994191,23746369681
2020,05 - Defesa Nacional,75238892874,75830591569,82531091099,82380009013,77000389667,73213081976
2020,06 - Segurança Pública,11323427441,12163596193,14826005240,13844331110,11225169091,10717162762
2020,07 - Relações Exteriores,3281642030,3118664843,4123872242,3903942821,3817284657,3800146510
2020,08 - Assistência Social,92447732352,93373749906,463162901047,423577258618,412350235728,409936624446
2020,09 - Previdência Social,775975904285,772228696968,772140092934,766853669179,764853449237,718968153433
2020,10 - Saúde,115599849841,128368328172,187514367435,164687976201,152857679807,150462970240
2020,11 - Trabalho,80943640313,80988604947,84466960734,77234347654,75896453071,75873299767
2020,12 - Educação,108799969871,108781301665,110648446765,105396349945,92057853484,88075831717
2020,13 - Cultura,1708544356,1916717211,1773155441,1260149202,637613004,608669311
2020,14 - Direitos da Cidadania,1129616146,1415402688,1498510863,1454264304,972359600,943867214
2020,15 - Urbanismo,1676640660,8833697991,8724884901,8410315370,1326167235,1250144946
2020,16 - Habitação,16000000,144005386,79809705,77460407,1971878,1971878
2020,17 - Saneamento,423286160,403649561,889808188,889681581,825697721,788948145
2020,18 - Gestão Ambiental,3743448968,4459907835,4964999426,4791969435,3655267371,3533183401
2020,19 - Ciência e Tecnologia,6881160740,6924733013,7426867618,7319299560,6395299978,6214184413
2020,20 - Agricultura,24577942740,25661195193,23121307169,20212140471,13393990898,13046656218
2020,21 - Organização Agrária,1748566013,1791527276,2001431543,1988947450,1375757690,1327404407
2020,22 - Indústria,1731420517,1712930075,1789569587,1744614214,1645058743,1566371142
2020,23 - Comércio e Serviços,4060327423,3843121334,8569660783,7787518456,6919170116,4954917116
2020,24 - Comunicações,2089032837,2033191897,2076305505,1836280945,1621486936,1575257530
2020,25 - Energia,1368655294,1327746378,1674308662,1630334669,1410899628,1374027674
2020,26 - Transporte,15969197596,17444990742,17884397251,11782581326,8015594690,7887985815
2020,27 - Desporto e Lazer,220193845,685914023,599881136,596632003,101789376,98729061
2020,28 - Encargos Especiais,2082930178607,2083170915403,2272416567052,1928382490919,1884755185270,1884000618322
2020,99 - Reserva de Contingência,61919026642,47629306063,40381264841,0,0,0
2021,01 - Legislativa,8515764800,8515764800,8515764800,7390686000,2975956331,2946081778
2021,02 - Judiciária,39195149140,39195149140,39243069140,31056803336,15953699879,14380589179
2021,03 - Essencial à Justiça,8316859702,8300050768,8293769627,5465033821,3043741686,3033863916
2021,04 - Administração,29092922758,26469273478,26716820030,16461859787,9198217871,9172924340
2021,05 - Defesa Nacional,81019349654,79791864543,80078439345,52452819825,27339912620,26814176339
2021,06 - Segurança Pública,12186134463,12441944222,12861568167,6895395800,3710602767,3677834375
2021,07 - Relações Exteriores,3833524974,3798992406,3840598102,1467081583,1329777174,1324510568
2021,08 - Assistência Social,101931204033,102946207669,157027833473,128694144832,58062375078,58059687298
2021,09 - Previdência Social,807115303427,793957103427,800743551392,502202123717,337321105426,336758136478
2021,10 - Saúde,118359881369,133742440914,171295606200,94391274065,60818353639,60327802359
2021,11 - Trabalho,77966320554,69240227049,71866023400,46162804298,35763221651,35761767045
2021,12 - Educação,111763597225,112646449653,112513584646,68880427003,35740261215,35576522589
2021,13 - Cultura,1659686607,1734442954,1725697341,433595458,216406710,205233948
2021,14 - Direitos da Cidadania,1047757130,1211905993,1255050213,489738066,254570353,252001326
2021,15 - Urbanismo,1545249613,9088359297,8559219303,475300126,390384542,376752564
2021,16 - Habitação,13691785,230364503,230364503,0,0,0
2021,17 - Saneamento,365722240,235666577,320013999,169169560,159248825,150584513
2021,18 - Gestão Ambiental,3813738727,3799708443,4078859185,1391430372,705919067,691231933
2021,19 - Ciência e Tecnologia,6226970010,6294844213,8587857896,2262592912,1390604347,1331267757
2021,20 - Agricultura,24018268266,23183818075,26540468132,11865035033,3408680529,3333909170
2021,21 - Organização Agrária,1354029809,1767187267,1767187267,702090454,272268054,269716765
2021,22 - Indústria,1770767016,1773467696,1770590542,909599239,618115763,611046936
2021,23 - Comércio e Serviços,3411854624,3046392270,3582062243,3208617738,869959171,869765325
2021,24 - Comunicações,2965074606,3004935083,2982305762,858962030,507927395,493781505
2021,25 - Energia,1392343117,1378611927,1377229209,1005690736,428928100,416326620
2021,26 - Transporte,15549305254,14383900371,14575336171,6317360292,1292614117,1227040790
2021,27 - Desporto e Lazer,292215355,822563279,820063279,144838358,27984841,27569433
2021,28 - Encargos Especiais,2627028970248,2644640104616,2656059193764,1346529483804,1170911769819,1170897946982
2021,99 - Reserva de Contingência,55828658143,53594808527,50356009453,0,0,0